code,name,cuentaCode,active
110505,Caja general,1105,true
110510,Cajas menores,1105,true
110515,Moneda extranjera,1105,true
111005,Moneda nacional,1110,true
111010,Moneda extranjera,1110,true
111505,Moneda nacional,1115,true
111510,Moneda extranjera,1115,true
112005,Bancos,1120,true
112010,Corporaciones de ahorro y vivienda,1120,true
112015,Organismos cooperativos financieros,1120,true
112505,Rotatorios moneda nacional,1125,true
112510,Rotatorios moneda extranjera,1125,true
112515,Especiales moneda nacional,1125,true
112520,Especiales moneda extranjera,1125,true
112525,De amortización moneda nacional,1125,true
112530,De amortización moneda extranjera,1125,true
120505,"Agricultura, ganadería, caza y silvicultura",1205,true
120510,Pesca,1205,true
120515,Explotación de minas y canteras,1205,true
120520,Industria manufacturera,1205,true
120525,"Suministro de electricidad, gas y agua",1205,true
120530,Construcción,1205,true
120535,Comercio al por mayor y al por menor,1205,true
120540,Hoteles y restaurantes,1205,true
120545,"Transporte, almacenamiento y comunicaciones",1205,true
120550,Actividad financiera,1205,true
120555,"Actividades inmobiliarias, empresariales y de alquiler",1205,true
120560,Enseñanza,1205,true
120565,Servicios sociales y de salud,1205,true
120570,"Otras actividades de servicios comunitarios, sociales y personales",1205,true
120599,Ajustes por inflación,1205,true
121005,"Agricultura, ganadería, caza y silvicultura",1210,true
121010,Pesca,1210,true
121015,Explotación de minas y canteras,1210,true
121020,Industria manufacturera,1210,true
121025,"Suministro de electricidad, gas y agua",1210,true
121030,Construcción,1210,true
121035,Comercio al por mayor y al por menor,1210,true
121040,Hoteles y restaurantes,1210,true
121045,"Transporte, almacenamiento y comunicaciones",1210,true
121050,Actividad financiera,1210,true
121055,"Actividades inmobiliarias, empresariales y de alquiler",1210,true
121060,Enseñanza,1210,true
121065,Servicios sociales y de salud,1210,true
121070,"Otras actividades de servicios comunitarios, sociales y personales",1210,true
121099,Ajustes por inflación,1210,true
121505,Bonos públicos moneda nacional,1215,true
121510,Bonos públicos moneda extranjera,1215,true
121515,Bonos ordinarios,1215,true
121520,Bonos convertibles en acciones,1215,true
121595,Otros,1215,true
122005,Cédulas de capitalización,1220,true
122010,Cédulas hipotecarias,1220,true
122015,Cédulas de inversión,1220,true
122095,Otras,1220,true
122505,Certificados de depósito a término (CDT),1225,true
122510,Certificados de depósito de ahorro,1225,true
122515,Certificados de ahorro de valor constante (CAVC),1225,true
122520,Certificados de cambio,1225,true
122525,Certificados cafeteros valorizables,1225,true
122530,Certificados eléctricos valorizables (CEV),1225,true
122535,Certificados de reembolso tributario (CERT),1225,true
122540,Certificados de desarrollo turístico,1225,true
122545,Certificados de inversión forestal (CIF),1225,true
122595,Otros,1225,true
123005,Empresas comerciales,1230,true
123010,Empresas industriales,1230,true
123015,Empresas de servicios,1230,true
123505,Títulos de desarrollo agropecuario,1235,true
123510,Títulos canjeables por certificados de cambio,1235,true
123515,Títulos de tesorería (TES),1235,true
123520,Títulos de participación,1235,true
123525,Títulos de crédito de fomento,1235,true
123530,Títulos financieros agroindustriales (TFA),1235,true
123535,Títulos de ahorro cafetero (TAC),1235,true
123540,Títulos de ahorro nacional (TAN),1235,true
123545,Títulos energéticos de rentabilidad creciente (TER),1235,true
123550,Títulos de ahorro educativo (TAE),1235,true
123555,Títulos financieros industriales y comerciales,1235,true
123560,Tesoros,1235,true
123565,Títulos de devolución de impuestos nacionales (TIDIS),1235,true
123570,Títulos inmobiliarios,1235,true
123595,Otros,1235,true
124005,Bancos comerciales,1240,true
124010,Compañías de financiamiento comercial,1240,true
124015,Corporaciones financieras,1240,true
124095,Otras,1240,true
124505,Fideicomisos de inversión moneda nacional,1245,true
124510,Fideicomisos de inversión moneda extranjera,1245,true
125005,Acciones,1250,true
125010,Cuotas o partes de interés social,1250,true
125015,Bonos,1250,true
125020,Cédulas,1250,true
125025,Certificados,1250,true
125030,Papeles comerciales,1250,true
125035,Títulos,1250,true
125040,Aceptaciones bancarias o financieras,1250,true
125095,Otros,1250,true
125099,Ajustes por inflación,1250,true
125505,Bonos de financiamiento especial,1255,true
125510,Bonos de financiamiento presupuestal,1255,true
125515,Bonos para desarrollo social y seguridad interna (BDSI),1255,true
125595,Otras,1255,true
126099,Ajustes por inflación,1260,true
129505,Aportes en cooperativas,1295,true
129510,Derechos en clubes sociales,1295,true
129515,Acciones o derechos en clubes deportivos,1295,true
129520,Bonos en colegios,1295,true
129595,Diversas,1295,true
129599,Ajustes por inflación,1295,true
129905,Acciones,1299,true
129910,Cuotas o partes de interés social,1299,true
129915,Bonos,1299,true
129920,Cédulas,1299,true
129925,Certificados,1299,true
129930,Papeles comerciales,1299,true
129935,Títulos,1299,true
129940,Aceptaciones bancarias o financieras,1299,true
129945,Derechos fiduciarios,1299,true
129950,Derechos de recompra de inversiones negociadas,1299,true
129955,Obligatorias,1299,true
129960,Cuentas en participación,1299,true
129995,Otras inversiones,1299,true
130505,Nacionales,1305,true
130510,Del exterior,1305,true
130515,Deudores del sistema,1305,true
131005,Casa matriz,1310,true
131010,Compañías vinculadas,1310,true
131015,Accionistas o socios,1310,true
131020,Particulares,1310,true
131095,Otras,1310,true
131505,Ventas,1315,true
131510,Pagos a nombre de casa matriz,1315,true
131515,Valores recibidos por casa matriz,1315,true
131520,Préstamos,1315,true
132005,Filiales,1320,true
132010,Subsidiarias,1320,true
132015,Sucursales,1320,true
132505,A socios,1325,true
132510,A accionistas,1325,true
133005,A proveedores,1330,true
133010,A contratistas,1330,true
133015,A trabajadores,1330,true
133020,A agentes,1330,true
133025,A concesionarios,1330,true
133030,De adjudicaciones,1330,true
133095,Otros,1330,true
133099,Ajustes por inflación,1330,true
133505,Para importaciones,1335,true
133510,Para servicios,1335,true
133515,Para contratos,1335,true
133520,Para responsabilidades,1335,true
133525,Para juicios ejecutivos,1335,true
133530,"Para adquisición de acciones, cuotas o derechos sociales",1335,true
133535,En garantía,1335,true
133595,Otros,1335,true
134005,De bienes raíces,1340,true
134010,De maquinaria y equipo,1340,true
134015,De flota y equipo de transporte,1340,true
134020,De flota y equipo aéreo,1340,true
134025,De flota y equipo férreo,1340,true
134030,De flota y equipo fluvial y/o marítimo,1340,true
134035,De semovientes,1340,true
134095,De otros bienes,1340,true
134505,Dividendos y/o participaciones,1345,true
134510,Intereses,1345,true
134515,Comisiones,1345,true
134520,Honorarios,1345,true
134525,Servicios,1345,true
134530,Arrendamientos,1345,true
134535,CERT por cobrar,1345,true
134595,Otros,1345,true
135005,De construcción,1350,true
135010,De prestación de servicios,1350,true
135095,Otros,1350,true
135505,Anticipo de impuestos de renta y complementarios,1355,true
135510,Anticipo de impuestos de industria y comercio,1355,true
135515,Retención en la fuente,1355,true
135517,Impuesto a las ventas retenido,1355,true
135518,Impuesto de industria y comercio retenido,1355,true
135520,Sobrantes en liquidación privada de impuestos,1355,true
135525,Contribuciones,1355,true
135530,Impuestos descontables,1355,true
135595,Otros,1355,true
136005,A compañías aseguradoras,1360,true
136010,A transportadores,1360,true
136015,Por tiquetes aéreos,1360,true
136095,Otras,1360,true
136505,Vivienda,1365,true
136510,Vehículos,1365,true
136515,Educación,1365,true
136520,"Médicos, odontológicos y similares",1365,true
136525,Calamidad doméstica,1365,true
136530,Responsabilidades,1365,true
136595,Otros,1365,true
137005,Con garantía real,1370,true
137010,Con garantía personal,1370,true
138005,Depositarios,1380,true
138010,Comisionistas de bolsas,1380,true
138015,Fondo de inversión,1380,true
138020,Cuentas por cobrar de terceros,1380,true
138025,Pagos por cuenta de terceros,1380,true
138030,Fondos de inversión social,1380,true
138095,Otros,1380,true
139905,Clientes,1399,true
139910,Cuentas corrientes comerciales,1399,true
139915,Cuentas por cobrar a casa matriz,1399,true
139920,Cuentas por cobrar a vinculados económicos,1399,true
139925,Cuentas por cobrar a socios y accionistas,1399,true
139930,Anticipos y avances,1399,true
139932,Cuentas de operación conjunta,1399,true
139935,Depósitos,1399,true
139940,Promesas de compraventa,1399,true
139945,Ingresos por cobrar,1399,true
139950,Retención sobre contratos,1399,true
139955,Reclamaciones,1399,true
139960,Cuentas por cobrar a trabajadores,1399,true
139965,Préstamos a particulares,1399,true
139975,Deudores varios,1399,true
139980,Derechos de recompra de cartera negociada,1399,true
140599,Ajustes por inflación,1405,true
141099,Ajustes por inflación,1410,true
141599,Ajustes por inflación,1415,true
141799,Ajustes por inflación,1417,true
142099,Ajustes por inflación,1420,true
142599,Ajustes por inflación,1425,true
142899,Ajustes por inflación,1428,true
143005,Productos manufacturados,1430,true
143010,Productos extraídos y/o procesados,1430,true
143015,Productos agrícolas y forestales,1430,true
143020,Subproductos,1430,true
143025,Productos de pesca,1430,true
143099,Ajustes por inflación,1430,true
143599,Ajustes por inflación,1435,true
144099,Ajustes por inflación,1440,true
144599,Ajustes por inflación,1445,true
145005,Por urbanizar,1450,true
145010,Urbanizados por construir,1450,true
145099,Ajustes por inflación,1450,true
145599,Ajustes por inflación,1455,true
146099,Ajustes por inflación,1460,true
146599,Ajustes por inflación,1465,true
149905,Para obsolescencia,1499,true
149910,Para diferencia de inventario físico,1499,true
149915,Para pérdidas de inventarios,1499,true
149920,Lifo,1499,true
150405,Urbanos,1504,true
150410,Rurales,1504,true
150499,Ajustes por inflación,1504,true
150605,Tuberías y equipo,1506,true
150610,Costos de importación materiales,1506,true
150615,Proyectos de construcción,1506,true
150699,Ajustes por inflación,1506,true
150805,Construcciones y edificaciones,1508,true
150810,"Acueductos, plantas y redes",1508,true
150815,Vías de comunicación,1508,true
150820,Pozos artesianos,1508,true
150825,Proyectos de exploración,1508,true
150830,Proyectos de desarrollo,1508,true
150899,Ajustes por inflación,1508,true
151205,Maquinaria y equipo,1512,true
151210,Equipo de oficina,1512,true
151215,Equipo de computación y comunicación,1512,true
151220,Equipo médico-científico,1512,true
151225,Equipo de hoteles y restaurantes,1512,true
151230,Flota y equipo de transporte,1512,true
151235,Flota y equipo fluvial y/o marítimo,1512,true
151240,Flota y equipo aéreo,1512,true
151245,Flota y equipo férreo,1512,true
151250,Plantas y redes,1512,true
151299,Ajustes por inflación,1512,true
151605,Edificios,1516,true
151610,Oficinas,1516,true
151615,Almacenes,1516,true
151620,Fábricas y plantas industriales,1516,true
151625,Salas de exhibición y ventas,1516,true
151630,Cafetería y casinos,1516,true
151635,Silos,1516,true
151640,Invernaderos,1516,true
151645,Casetas y campamentos,1516,true
151650,Instalaciones agropecuarias,1516,true
151655,Viviendas para empleados y obreros,1516,true
151660,Terminal de buses y taxis,1516,true
151663,Terminal marítimo,1516,true
151665,Terminal férreo,1516,true
151670,"Parqueaderos, garajes y depósitos",1516,true
151675,Hangares,1516,true
151680,Bodegas,1516,true
151695,Otros,1516,true
151699,Ajustes por inflación,1516,true
152099,Ajustes por inflación,1520,true
152405,Muebles y enseres,1524,true
152410,Equipos,1524,true
152495,Otros,1524,true
152499,Ajustes por inflación,1524,true
152805,Equipos de procesamiento de datos,1528,true
152810,Equipos de telecomunicaciones,1528,true
152815,Equipos de radio,1528,true
152820,Satélites y antenas,1528,true
152825,Líneas telefónicas,1528,true
152895,Otros,1528,true
152899,Ajustes por inflación,1528,true
153205,Médico,1532,true
153210,Odontológico,1532,true
153215,Laboratorio,1532,true
153220,Instrumental,1532,true
153295,Otros,1532,true
153299,Ajustes por inflación,1532,true
153605,De habitaciones,1536,true
153610,De comestibles y bebidas,1536,true
153695,Otros,1536,true
153699,Ajustes por inflación,1536,true
154005,"Autos, camionetas y camperos",1540,true
154008,"Camiones, volquetas y furgones",1540,true
154010,Tractomulas y remolques,1540,true
154015,Buses y busetas,1540,true
154017,Recolectores y contenedores,1540,true
154020,Montacargas,1540,true
154025,Palas y grúas,1540,true
154030,Motocicletas,1540,true
154035,Bicicletas,1540,true
154040,Estibas y carretas,1540,true
154045,Bandas transportadoras,1540,true
154095,Otros,1540,true
154099,Ajustes por inflación,1540,true
154405,Buques,1544,true
154410,Lanchas,1544,true
154415,Remolcadoras,1544,true
154420,Botes,1544,true
154425,Boyas,1544,true
154430,Amarres,1544,true
154435,Contenedores y chasises,1544,true
154440,Gabarras,1544,true
154495,Otros,1544,true
154499,Ajustes por inflación,1544,true
154805,Aviones,1548,true
154810,Avionetas,1548,true
154815,Helicópteros,1548,true
154820,Turbinas y motores,1548,true
154825,Manuales de entrenamiento personal técnico,1548,true
154830,Equipos de vuelo,1548,true
154895,Otros,1548,true
154899,Ajustes por inflación,1548,true
155205,Locomotoras,1552,true
155210,Vagones,1552,true
155215,Redes férreas,1552,true
155295,Otros,1552,true
155299,Ajustes por inflación,1552,true
155605,Instalaciones para agua y energía,1556,true
155610,"Acueducto, acequias y canalizaciones",1556,true
155615,Plantas de generación hidráulica,1556,true
155620,Plantas de generación térmica,1556,true
155625,Plantas de generación a gas,1556,true
155628,"Plantas de generación diesel, gasolina y petróleo",1556,true
155630,Plantas de distribución,1556,true
155635,Plantas de transmisión y subestaciones,1556,true
155640,Oleoductos,1556,true
155645,Gasoductos,1556,true
155647,Poliductos,1556,true
155650,Redes de distribución,1556,true
155655,Plantas de tratamiento,1556,true
155660,Redes de recolección de aguas negras,1556,true
155665,Instalaciones y equipo de bombeo,1556,true
155670,Redes de distribución de vapor,1556,true
155675,Redes de aire,1556,true
155680,Redes alimentación de gas,1556,true
155682,Redes externas de telefonía,1556,true
155685,Plantas deshidratadoras,1556,true
155695,Otros,1556,true
155699,Ajustes por inflación,1556,true
156099,Ajustes por inflación,1560,true
156299,Ajustes por inflación,1562,true
156405,Cultivos en desarrollo,1564,true
156410,Cultivos amortizables,1564,true
156499,Ajustes por inflación,1564,true
156805,Pavimentación y patios,1568,true
156810,Vías,1568,true
156815,Puentes,1568,true
156820,Calles,1568,true
156825,Aeródromos,1568,true
156895,Otros,1568,true
156899,Ajustes por inflación,1568,true
157205,Minas,1572,true
157210,Canteras,1572,true
157299,Ajustes por inflación,1572,true
157699,Ajustes por inflación,1576,true
158099,Ajustes por inflación,1580,true
158499,Ajustes por inflación,1584,true
158805,Maquinaria y equipo,1588,true
158810,Equipo de oficina,1588,true
158815,Equipo de computación y comunicación,1588,true
158820,Equipo médico-científico,1588,true
158825,Equipo de hoteles y restaurantes,1588,true
158830,Flota y equipo de transporte,1588,true
158835,Flota y equipo fluvial y/o marítimo,1588,true
158840,Flota y equipo aéreo,1588,true
158845,Flota y equipo férreo,1588,true
158850,Plantas y redes,1588,true
158855,Armamento de vigilancia,1588,true
158860,Semovientes,1588,true
158865,Envases y empaques,1588,true
158899,Ajustes por inflación,1588,true
159205,Construcciones y edificaciones,1592,true
159210,Maquinaria y equipo,1592,true
159215,Equipo de oficina,1592,true
159220,Equipo de computación y comunicación,1592,true
159225,Equipo médico-científico,1592,true
159230,Equipo de hoteles y restaurantes,1592,true
159235,Flota y equipo de transporte,1592,true
159240,Flota y equipo fluvial y/o marítimo,1592,true
159245,Flota y equipo aéreo,1592,true
159250,Flota y equipo férreo,1592,true
159255,"Acueductos, plantas y redes",1592,true
159260,Armamento de vigilancia,1592,true
159265,Envases y empaques,1592,true
159299,Ajustes por inflación,1592,true
159605,Exceso fiscal sobre la contable,1596,true
159610,Defecto fiscal sobre la contable (CR),1596,true
159699,Ajustes por inflación,1596,true
159705,Plantaciones agrícolas y forestales,1597,true
159710,Vías de comunicación,1597,true
159715,Semovientes,1597,true
159799,Ajustes por inflación,1597,true
159805,Minas y canteras,1598,true
159815,Pozos artesianos,1598,true
159820,Yacimientos,1598,true
159899,Ajustes por inflación,1598,true
159904,Terrenos,1599,true
159906,Materiales proyectos petroleros,1599,true
159908,Construcciones en curso,1599,true
159912,Maquinaria en montaje,1599,true
159916,Construcciones y edificaciones,1599,true
159920,Maquinaria y equipo,1599,true
159924,Equipo de oficina,1599,true
159928,Equipo de computación y comunicación,1599,true
159932,Equipo médico-científico,1599,true
159936,Equipo de hoteles y restaurantes,1599,true
159940,Flota y equipo de transporte,1599,true
159944,Flota y equipo fluvial y/o marítimo,1599,true
159948,Flota y equipo aéreo,1599,true
159952,Flota y equipo férreo,1599,true
159956,"Acueductos, plantas y redes",1599,true
159960,Armamento de vigilancia,1599,true
159962,Envases y empaques,1599,true
159964,Plantaciones agrícolas y forestales,1599,true
159968,Vías de comunicación,1599,true
159972,Minas y canteras,1599,true
159980,Pozos artesianos,1599,true
159984,Yacimientos,1599,true
159988,Semovientes,1599,true
159992,"Propiedades, planta y equipo en tránsito",1599,true
160505,Formado o estimado,1605,true
160510,Adquirido o comprado,1605,true
160599,Ajustes por inflación,1605,true
161005,Adquiridas,1610,true
161010,Formadas,1610,true
161099,Ajustes por inflación,1610,true
161505,Adquiridas,1615,true
161510,Formadas,1615,true
161599,Ajustes por inflación,1615,true
162005,Concesiones,1620,true
162010,Franquicias,1620,true
162099,Ajustes por inflación,1620,true
162505,Derechos de autor,1625,true
162510,Puesto de bolsa,1625,true
162515,En fideicomisos inmobiliarios,1625,true
162520,En fideicomisos de garantía,1625,true
162525,En fideicomisos de administración,1625,true
162530,De exhibición - películas,1625,true
162535,En bienes recibidos en arrendamiento financiero (leasing),1625,true
162595,Otros,1625,true
162599,Ajustes por inflación,1625,true
163099,Ajustes por inflación,1630,true
163599,Ajustes por inflación,1635,true
169805,Crédito mercantil,1698,true
169810,Marcas,1698,true
169815,Patentes,1698,true
169820,Concesiones y franquicias,1698,true
169830,Derechos,1698,true
169835,Know how,1698,true
169840,Licencias,1698,true
169899,Ajustes por inflación,1698,true
170505,Intereses,1705,true
170510,Honorarios,1705,true
170515,Comisiones,1705,true
170520,Seguros y fianzas,1705,true
170525,Arrendamientos,1705,true
170530,Bodegajes,1705,true
170535,Mantenimiento equipos,1705,true
170540,Servicios,1705,true
170545,Suscripciones,1705,true
170595,Otros,1705,true
171004,Organización y preoperativos,1710,true
171008,Remodelaciones,1710,true
171012,"Estudios, investigaciones y proyectos",1710,true
171016,Programas para computador (software),1710,true
171020,Útiles y papelería,1710,true
171024,Mejoras a propiedades ajenas,1710,true
171028,Contribuciones y afiliaciones,1710,true
171032,Entrenamiento de personal,1710,true
171036,Ferias y exposiciones,1710,true
171040,Licencias,1710,true
171044,"Publicidad, propaganda y promoción",1710,true
171048,Elementos de aseo y cafetería,1710,true
171052,Moldes y troqueles,1710,true
171056,Instrumental quirúrgico,1710,true
171060,Dotación y suministro a trabajadores,1710,true
171064,Elementos de ropería y lencería,1710,true
171068,Loza y cristalería,1710,true
171069,Platería,1710,true
171070,Cubiertería,1710,true
171076,Impuesto de renta diferido ?débitos? por diferencias temporales,1710,true
171080,Concursos y licitaciones,1710,true
171095,Otros,1710,true
171099,Ajustes por inflación,1710,true
171505,Pozos secos,1715,true
171510,Pozos no comerciales,1715,true
171515,Otros costos de exploración,1715,true
171599,Ajustes por inflación,1715,true
172005,Perforación y explotación,1720,true
172010,Perforaciones campos en desarrollo,1720,true
172015,Facilidades de producción,1720,true
172020,Servicio a pozos,1720,true
172099,Ajustes por inflación,1720,true
179805,Costos de exploración por amortizar,1798,true
179810,Costos de explotación y desarrollo,1798,true
179899,Ajustes por inflación,1798,true
180505,Obras de arte,1805,true
180510,Bibliotecas,1805,true
180595,Otros,1805,true
180599,Ajustes por inflación,1805,true
189505,Máquinas porteadoras,1895,true
189510,Bienes entregados en comodato,1895,true
189515,Amortización acumulada de bienes entregados en comodato (CR),1895,true
189520,Bienes recibidos en pago,1895,true
189525,Derechos sucesorales,1895,true
189530,Estampillas,1895,true
189595,Otros,1895,true
189599,Ajustes por inflación,1895,true
189905,Bienes de arte y cultura,1899,true
189995,Diversos,1899,true
190505,Acciones,1905,true
190510,Cuotas o partes de interés social,1905,true
190515,Derechos fiduciarios,1905,true
191004,Terrenos,1910,true
191006,Materiales proyectos petroleros,1910,true
191008,Construcciones y edificaciones,1910,true
191012,Maquinaria y equipo,1910,true
191016,Equipo de oficina,1910,true
191020,Equipo de computación y comunicación,1910,true
191024,Equipo médico-científico,1910,true
191028,Equipo de hoteles y restaurantes,1910,true
191032,Flota y equipo de transporte,1910,true
191036,Flota y equipo fluvial y/o marítimo,1910,true
191040,Flota y equipo aéreo,1910,true
191044,Flota y equipo férreo,1910,true
191048,"Acueductos, plantas y redes",1910,true
191052,Armamento de vigilancia,1910,true
191056,Envases y empaques,1910,true
191060,Plantaciones agrícolas y forestales,1910,true
191064,Vías de comunicación,1910,true
191068,Minas y canteras,1910,true
191072,Pozos artesianos,1910,true
191076,Yacimientos,1910,true
191080,Semovientes,1910,true
199505,Bienes de arte y cultura,1995,true
199510,Bienes entregados en comodato,1995,true
199515,Bienes recibidos en pago,1995,true
199520,Inventario de semovientes,1995,true
210505,Sobregiros,2105,true
210510,Pagarés,2105,true
210515,Cartas de crédito,2105,true
210520,Aceptaciones bancarias,2105,true
211005,Sobregiros,2110,true
211010,Pagarés,2110,true
211015,Cartas de crédito,2110,true
211020,Aceptaciones bancarias,2110,true
211505,Pagarés,2115,true
211510,Aceptaciones financieras,2115,true
211515,Cartas de crédito,2115,true
211520,Contratos de arrendamiento financiero (leasing),2115,true
212005,Pagarés,2120,true
212010,Aceptaciones financieras,2120,true
212020,Contratos de arrendamiento financiero (leasing),2120,true
212505,Sobregiros,2125,true
212510,Pagarés,2125,true
212515,Hipotecarias,2125,true
213505,Acciones,2135,true
213510,Cuotas o partes de interés social,2135,true
213515,Bonos,2135,true
213520,Cédulas,2135,true
213525,Certificados,2135,true
213530,Papeles comerciales,2135,true
213535,Títulos,2135,true
213540,Aceptaciones bancarias o financieras,2135,true
213595,Otros,2135,true
214505,Gobierno Nacional,2145,true
214510,Entidades oficiales,2145,true
219505,Particulares,2195,true
219510,Compañías vinculadas,2195,true
219515,Casa matriz,2195,true
219520,Socios o accionistas,2195,true
219525,Fondos y cooperativas,2195,true
219530,Directores,2195,true
219595,Otras,2195,true
233505,Gastos financieros,2335,true
233510,Gastos legales,2335,true
233515,"Libros, suscripciones, periódicos y revistas",2335,true
233520,Comisiones,2335,true
233525,Honorarios,2335,true
233530,Servicios técnicos,2335,true
233535,Servicios de mantenimiento,2335,true
233540,Arrendamientos,2335,true
233545,"Transportes, fletes y acarreos",2335,true
233550,Servicios públicos,2335,true
233555,Seguros,2335,true
233560,Gastos de viaje,2335,true
233565,Gastos de representación y relaciones públicas,2335,true
233570,Servicios aduaneros,2335,true
233595,Otros,2335,true
235505,Accionistas,2355,true
235510,Socios,2355,true
236005,Dividendos,2360,true
236010,Participaciones,2360,true
236505,Salarios y pagos laborales,2365,true
236510,Dividendos y/o participaciones,2365,true
236515,Honorarios,2365,true
236520,Comisiones,2365,true
236525,Servicios,2365,true
236530,Arrendamientos,2365,true
236535,Rendimientos financieros,2365,true
236540,Compras,2365,true
236545,"Loterías, rifas, apuestas y similares",2365,true
236550,Por pagos al exterior,2365,true
236555,Por ingresos obtenidos en el exterior,2365,true
236560,"Enajenación propiedades planta y equipo, personas naturales",2365,true
236565,Por impuesto de timbre,2365,true
236570,Otras retenciones y patrimonio,2365,true
236575,Autorretenciones,2365,true
237005,"Aportes a entidades promotoras de salud, EPS",2370,true
237006,"Aportes a administradoras de riesgos profesionales, ARP",2370,true
237010,"Aportes al ICBF, SENA y cajas de compensación",2370,true
237015,Aportes al FIC,2370,true
237025,Embargos judiciales,2370,true
237030,Libranzas,2370,true
237035,Sindicatos,2370,true
237040,Cooperativas,2370,true
237045,Fondos,2370,true
237095,Otros,2370,true
238005,Depositarios,2380,true
238010,Comisionistas de bolsas,2380,true
238015,Sociedad administradora-Fondos de inversión,2380,true
238020,Reintegros por pagar,2380,true
238025,Fondo de perseverancia,2380,true
238030,Fondos de cesantías y/o pensiones,2380,true
238035,Donaciones asignadas por pagar,2380,true
238095,Otros,2380,true
240405,Vigencia fiscal corriente,2404,true
240410,Vigencias fiscales anteriores,2404,true
241205,Vigencia fiscal corriente,2412,true
241210,Vigencias fiscales anteriores,2412,true
242405,Vigencia fiscal corriente,2424,true
242410,Vigencias fiscales anteriores,2424,true
243605,Vigencia fiscal corriente,2436,true
243610,Vigencias fiscales anteriores,2436,true
244405,De hidrocarburos,2444,true
244410,De minas,2444,true
246405,De licores,2464,true
246410,De cervezas,2464,true
246415,De cigarrillos,2464,true
251005,Ley laboral anterior,2510,true
251010,Ley 50 de 1990 y normas posteriores,2510,true
253005,Primas,2530,true
253010,Auxilios,2530,true
253015,Dotación y suministro a trabajadores,2530,true
253020,Bonificaciones,2530,true
253025,Seguros,2530,true
253095,Otras,2530,true
260505,Intereses,2605,true
260510,Comisiones,2605,true
260515,Honorarios,2605,true
260520,Servicios técnicos,2605,true
260525,"Transportes, fletes y acarreos",2605,true
260530,Gastos de viaje,2605,true
260535,Servicios públicos,2605,true
260540,Regalías,2605,true
260545,Garantías,2605,true
260550,Materiales y repuestos,2605,true
260595,Otros,2605,true
261005,Cesantías,2610,true
261010,Intereses sobre cesantías,2610,true
261015,Vacaciones,2610,true
261020,Prima de servicios,2610,true
261025,Prestaciones extralegales,2610,true
261030,Viáticos,2610,true
261095,Otras,2610,true
261505,De renta y complementarios,2615,true
261510,De industria y comercio,2615,true
261515,Tasa por utilización de puertos,2615,true
261520,De vehículos,2615,true
261525,De hidrocarburos y minas,2615,true
261595,Otros,2615,true
262005,Cálculo actuarial pensiones de jubilación,2620,true
262010,Pensiones de jubilación por amortizar (DB),2620,true
262505,Acueducto y alcantarillado,2625,true
262510,Energía eléctrica,2625,true
262515,Teléfonos,2625,true
262595,Otros,2625,true
263005,Terrenos,2630,true
263010,Construcciones y edificaciones,2630,true
263015,Maquinaria y equipo,2630,true
263020,Equipo de oficina,2630,true
263025,Equipo de computación y comunicación,2630,true
263030,Equipo médico-científico,2630,true
263035,Equipo de hoteles y restaurantes,2630,true
263040,Flota y equipo de transporte,2630,true
263045,Flota y equipo fluvial y/o marítimo,2630,true
263050,Flota y equipo aéreo,2630,true
263055,Flota y equipo férreo,2630,true
263060,"Acueductos, plantas y redes",2630,true
263065,Armamento de vigilancia,2630,true
263070,Envases y empaques,2630,true
263075,Plantaciones agrícolas y forestales,2630,true
263080,Vías de comunicación,2630,true
263085,Pozos artesianos,2630,true
263095,Otros,2630,true
263505,Multas y sanciones autoridades administrativas,2635,true
263510,Intereses por multas y sanciones,2635,true
263515,Reclamos,2635,true
263520,Laborales,2635,true
263525,Civiles,2635,true
263530,Penales,2635,true
263535,Administrativos,2635,true
263540,Comerciales,2635,true
263595,Otras,2635,true
269505,Para beneficencia,2695,true
269510,Para comunicaciones,2695,true
269515,Para pérdida en transporte,2695,true
269520,Para operación,2695,true
269525,Para protección de bienes agotables,2695,true
269530,Para ajustes en redención de unidades,2695,true
269535,Autoseguro,2695,true
269540,Planes y programas de reforestación y electrificación,2695,true
269595,Otras,2695,true
270505,Intereses,2705,true
270510,Comisiones,2705,true
270515,Arrendamientos,2705,true
270520,Honorarios,2705,true
270525,Servicios técnicos,2705,true
270530,De suscriptores,2705,true
270535,"Transportes, fletes y acarreos",2705,true
270540,Mercancía en tránsito ya vendida,2705,true
270545,Matrículas y pensiones,2705,true
270550,Cuotas de administración,2705,true
270595,Otros,2705,true
271005,Reajuste del sistema,2710,true
272505,Por depreciación flexible,2725,true
272595,Diversos,2725,true
272599,Ajustes por inflación,2725,true
280505,De clientes,2805,true
280510,Sobre contratos,2805,true
280515,Para obras en proceso,2805,true
280595,Otros,2805,true
281005,Para futura suscripción de acciones,2810,true
281010,Para futuro pago de cuotas o derechos sociales,2810,true
281015,Para garantía en la prestación de servicios,2810,true
281020,Para garantía de contratos,2810,true
281025,De licitaciones,2810,true
281030,De manejo de bienes,2810,true
281035,Fondo de reserva,2810,true
281095,Otros,2810,true
281505,Valores recibidos para terceros,2815,true
281510,Venta por cuenta de terceros,2815,true
282505,Cumplimiento obligaciones laborales,2825,true
282510,Para estabilidad de obra,2825,true
282515,Garantía cumplimiento de contratos,2825,true
283005,Indemnizaciones,2830,true
283010,Depósitos judiciales,2830,true
283505,Cuotas netas,2835,true
283510,Grupos en formación,2835,true
289505,Préstamos de productos,2895,true
289510,Reembolso de costos exploratorios,2895,true
289515,Programa de extensión agropecuaria,2895,true
292005,Valor bonos pensionales,2920,true
292010,Bonos pensionales por amortizar (DB),2920,true
292015,Intereses causados sobre bonos pensionales,2920,true
292505,Valor títulos pensionales,2925,true
292510,Títulos pensionales por amortizar (DB),2925,true
292515,Intereses causados sobre títulos pensionales,2925,true
310505,Capital autorizado,3105,true
310510,Capital por suscribir (DB),3105,true
310515,Capital suscrito por cobrar (DB),3105,true
311505,Cuotas o partes de interés social,3115,true
311510,Aportes de socios-fondo mutuo de inversión,3115,true
311515,Contribución de la empresa-fondo mutuo de inversión,3115,true
311520,Suscripciones del público,3115,true
320505,Prima en colocación de acciones,3205,true
320510,Prima en colocación de acciones por cobrar (DB),3205,true
320515,Prima en colocación de cuotas o partes de interés social,3205,true
321005,En dinero,3210,true
321010,En valores mobiliarios,3210,true
321015,En bienes muebles,3210,true
321020,En bienes inmuebles,3210,true
321025,En intangibles,3210,true
322505,De acciones,3225,true
322510,De cuotas o partes de interés social,3225,true
330505,Reserva legal,3305,true
330510,Reservas por disposiciones fiscales,3305,true
330515,Reserva para readquisición de acciones,3305,true
330516,Acciones propias readquiridas (DB),3305,true
330517,Reserva para readquisición de cuotas o partes de interés social,3305,true
330518,Cuotas o partes de interés social propias readquiridas (DB),3305,true
330520,Reserva para extensión agropecuaria,3305,true
330525,Reserva Ley 7ª de 1990,3305,true
330530,Reserva para reposición de semovientes,3305,true
330535,Reserva Ley 4ª de 1980,3305,true
330595,Otras,3305,true
331005,Para futuras capitalizaciones,3310,true
331010,Para reposición de activos,3310,true
331015,Para futuros ensanches,3310,true
331095,Otras,3310,true
331505,Para beneficencia y civismo,3315,true
331510,Para futuras capitalizaciones,3315,true
331515,Para futuros ensanches,3315,true
331520,"Para adquisición o reposición de propiedades, planta y equipo",3315,true
331525,Para investigaciones y desarrollo,3315,true
331530,Para fomento económico,3315,true
331535,Para capital de trabajo,3315,true
331540,Para estabilización de rendimientos,3315,true
331545,A disposición del máximo órgano social,3315,true
331595,Otras,3315,true
340505,De capital social,3405,true
340510,De superávit de capital,3405,true
340515,De reservas,3405,true
340520,De resultados de ejercicios anteriores,3405,true
340525,De activos en período improductivo,3405,true
340530,De saneamiento fiscal,3405,true
340535,De ajustes Decreto 3019 de 1989,3405,true
340540,"De dividendos y participaciones decretadas en acciones, cuotas o partes de interés social",3405,true
340545,Superávit método de participación,3405,true
380505,Acciones,3805,true
380510,Cuotas o partes de interés social,3805,true
380515,Derechos fiduciarios,3805,true
381004,Terrenos,3810,true
381006,Materiales proyectos petroleros,3810,true
381008,Construcciones y edificaciones,3810,true
381012,Maquinaria y equipo,3810,true
381016,Equipo de oficina,3810,true
381020,Equipo de computación y comunicación,3810,true
381024,Equipo médico-científico,3810,true
381028,Equipo de hoteles y restaurantes,3810,true
381032,Flota y equipo de transporte,3810,true
381036,Flota y equipo fluvial y/o marítimo,3810,true
381040,Flota y equipo aéreo,3810,true
381044,Flota y equipo férreo,3810,true
381048,"Acueductos, plantas y redes",3810,true
381052,Armamento de vigilancia,3810,true
381056,Envases y empaques,3810,true
381060,Plantaciones agrícolas y forestales,3810,true
381064,Vías de comunicación,3810,true
381068,Minas y canteras,3810,true
381072,Pozos artesianos,3810,true
381076,Yacimientos,3810,true
381080,Semovientes,3810,true
389505,Bienes de arte y cultura,3895,true
389510,Bienes entregados en comodato,3895,true
389515,Bienes recibidos en pago,3895,true
389520,Inventario de semovientes,3895,true
410505,Cultivo de cereales,4105,true
410510,"Cultivos de hortalizas, legumbres y plantas ornamentales",4105,true
410515,"Cultivos de frutas, nueces y plantas aromáticas",4105,true
410520,Cultivo de café,4105,true
410525,Cultivo de flores,4105,true
410530,Cultivo de caña de azúcar,4105,true
410535,Cultivo de algodón y plantas para material textil,4105,true
410540,Cultivo de banano,4105,true
410545,Otros cultivos agrícolas,4105,true
410550,"Cría de ovejas, cabras, asnos, mulas y burdéganos",4105,true
410555,Cría de ganado caballar y vacuno,4105,true
410560,Producción avícola,4105,true
410565,Cría de otros animales,4105,true
410570,Servicios agrícolas y ganaderos,4105,true
410575,Actividad de caza,4105,true
410580,Actividad de silvicultura,4105,true
410595,Actividades conexas,4105,true
410599,Ajustes por inflación,4105,true
411005,Actividad de pesca,4110,true
411010,Explotación de criaderos de peces,4110,true
411095,Actividades conexas,4110,true
411099,Ajustes por inflación,4110,true
411505,Carbón,4115,true
411510,Petróleo crudo,4115,true
411512,Gas natural,4115,true
411514,Servicios relacionados con extracción de petróleo y gas,4115,true
411515,Minerales de hierro,4115,true
411520,Minerales metalíferos no ferrosos,4115,true
411525,"Piedra, arena y arcilla",4115,true
411527,Piedras preciosas,4115,true
411528,Oro,4115,true
411530,Otras minas y canteras,4115,true
411532,Prestación de servicios sector minero,4115,true
411595,Actividades conexas,4115,true
411599,Ajustes por inflación,4115,true
412001,Producción y procesamiento de carnes y productos cárnicos,4120,true
412002,Productos de pescado,4120,true
412003,"Productos de frutas, legumbres y hortalizas",4120,true
412004,Elaboración de aceites y grasas,4120,true
412005,Elaboración de productos lácteos,4120,true
412006,Elaboración de productos de molinería,4120,true
412007,Elaboración de almidones y derivados,4120,true
412008,Elaboración de alimentos para animales,4120,true
412009,Elaboración de productos para panadería,4120,true
412010,Elaboración de azúcar y melazas,4120,true
412011,"Elaboración de cacao, chocolate y confitería",4120,true
412012,Elaboración de pastas y productos farináceos,4120,true
412013,Elaboración de productos de café,4120,true
412014,Elaboración de otros productos alimenticios,4120,true
412015,Elaboración de bebidas alcohólicas y alcohol etílico,4120,true
412016,Elaboración de vinos,4120,true
412017,Elaboración de bebidas malteadas y de malta,4120,true
412018,Elaboración de bebidas no alcohólicas,4120,true
412019,Elaboración de productos de tabaco,4120,true
412020,Preparación e hilatura de fibras textiles y tejeduría,4120,true
412021,Acabado de productos textiles,4120,true
412022,Elaboración de artículos de materiales textiles,4120,true
412023,Elaboración de tapices y alfombras,4120,true
412024,"Elaboración de cuerdas, cordeles, bramantes y redes",4120,true
412025,Elaboración de otros productos textiles,4120,true
412026,Elaboración de tejidos,4120,true
412027,Elaboración de prendas de vestir,4120,true
412028,"Preparación, adobo y teñido de pieles",4120,true
412029,"Curtido, adobo o preparación de cuero",4120,true
412030,"Elaboración de maletas, bolsos y similares",4120,true
412031,Elaboración de calzado,4120,true
412032,"Producción de madera, artículos de madera y corcho",4120,true
412033,"Elaboración de pasta y productos de madera, papel y cartón",4120,true
412034,Ediciones y publicaciones,4120,true
412035,Impresión,4120,true
412036,Servicios relacionados con la edición y la impresión,4120,true
412037,Reproducción de grabaciones,4120,true
412038,Elaboración de productos de horno de coque,4120,true
412039,Elaboración de productos de la refinación de petróleo,4120,true
412040,Elaboración de sustancias químicas básicas,4120,true
412041,Elaboración de abonos y compuestos de nitrógeno,4120,true
412042,Elaboración de plástico y caucho sintético,4120,true
412043,Elaboración de productos químicos de uso agropecuario,4120,true
412044,"Elaboración de pinturas, tintas y masillas",4120,true
412045,Elaboración de productos farmacéuticos y botánicos,4120,true
412046,"Elaboración de jabones, detergentes y preparados de tocador",4120,true
412047,Elaboración de otros productos químicos,4120,true
412048,Elaboración de fibras,4120,true
412049,Elaboración de otros productos de caucho,4120,true
412050,Elaboración de productos de plástico,4120,true
412051,Elaboración de vidrio y productos de vidrio,4120,true
412052,"Elaboración de productos de cerámica, loza, piedra, arcilla y porcelana",4120,true
412053,"Elaboración de cemento, cal y yeso",4120,true
412054,"Elaboración de artículos de hormigón, cemento y yeso",4120,true
412055,"Corte, tallado y acabado de la piedra",4120,true
412056,Elaboración de otros productos minerales no metálicos,4120,true
412057,Industrias básicas y fundición de hierro y acero,4120,true
412058,Productos primarios de metales preciosos y de metales no ferrosos,4120,true
412059,Fundición de metales no ferrosos,4120,true
412060,Fabricación de productos metálicos para uso estructural,4120,true
412061,"Forja, prensado, estampado, laminado de metal y pulvimetalurgia",4120,true
412062,Revestimiento de metales y obras de ingeniería mecánica,4120,true
412063,Fabricación de artículos de ferretería,4120,true
412064,Elaboración de otros productos de metal,4120,true
412065,Fabricación de maquinaria y equipo,4120,true
412066,Fabricación de equipos de elevación y manipulación,4120,true
412067,Elaboración de aparatos de uso doméstico,4120,true
412068,Elaboración de equipo de oficina,4120,true
412069,Elaboración de pilas y baterías primarias,4120,true
412070,Elaboración de equipo de iluminación,4120,true
412071,Elaboración de otros tipos de equipo eléctrico,4120,true
412072,"Fabricación de equipos de radio, televisión y comunicaciones",4120,true
412073,Fabricación de aparatos e instrumentos médicos,4120,true
412074,Fabricación de instrumentos de medición y control,4120,true
412075,Fabricación de instrumentos de óptica y equipo fotográfico,4120,true
412076,Fabricación de relojes,4120,true
412077,Fabricación de vehículos automotores,4120,true
412078,Fabricación de carrocerías para automotores,4120,true
412079,Fabricación de partes piezas y accesorios para automotores,4120,true
412080,Fabricación y reparación de buques y otras embarcaciones,4120,true
412081,Fabricación de locomotoras y material rodante para ferrocarriles,4120,true
412082,Fabricación de aeronaves,4120,true
412083,Fabricación de motocicletas,4120,true
412084,Fabricación de bicicletas y sillas de ruedas,4120,true
412085,Fabricación de otros tipos de transporte,4120,true
412086,Fabricación de muebles,4120,true
412087,Fabricación de joyas y artículos conexos,4120,true
412088,Fabricación de instrumentos de música,4120,true
412089,Fabricación de artículos y equipo para deporte,4120,true
412090,Fabricación de juegos y juguetes,4120,true
412091,Reciclamiento de desperdicios,4120,true
412095,Productos de otras industrias manufactureras,4120,true
412099,Ajustes por inflación,4120,true
412505,"Generación, captación y distribución de energía eléctrica",4125,true
412510,Fabricación de gas y distribución de combustibles gaseosos,4125,true
412515,"Captación, depuración y distribución de agua",4125,true
412595,Actividades conexas,4125,true
412599,Ajustes por inflación,4125,true
413005,Preparación de terrenos,4130,true
413010,Construcción de edificios y obras de ingeniería civil,4130,true
413015,Acondicionamiento de edificios,4130,true
413020,Terminación de edificaciones,4130,true
413025,Alquiler de equipo con operarios,4130,true
413095,Actividades conexas,4130,true
413099,Ajustes por inflación,4130,true
413502,Venta de vehículos automotores,4135,true
413504,"Mantenimiento, reparación y lavado de vehículos automotores",4135,true
413506,"Venta de partes, piezas y accesorios de vehículos automotores",4135,true
413508,"Venta de combustibles sólidos, líquidos, gaseosos",4135,true
413510,"Venta de lubricantes, aditivos, llantas y lujos para automotores",4135,true
413512,Venta a cambio de retribución o por contrata,4135,true
413514,"Venta de insumos, materias primas agropecuarias y flores",4135,true
413516,Venta de otros insumos y materias primas no agropecuarias,4135,true
413518,Venta de animales vivos y cueros,4135,true
413520,Venta de productos en almacenes no especializados,4135,true
413522,Venta de productos agropecuarios,4135,true
413524,"Venta de productos textiles, de vestir, de cuero y calzado",4135,true
413526,Venta de papel y cartón,4135,true
413528,"Venta de libros, revistas, elementos de papelería, útiles y textos escolares",4135,true
413530,"Venta de juegos, juguetes y artículos deportivos",4135,true
413532,Venta de instrumentos quirúrgicos y ortopédicos,4135,true
413534,Venta de artículos en relojerías y joyerías,4135,true
413536,Venta de electrodomésticos y muebles,4135,true
413538,"Venta de productos de aseo, farmacéuticos, medicinales, y artículos de tocador",4135,true
413540,"Venta de cubiertos, vajillas, cristalería, porcelanas, cerámicas y otros artículos de uso doméstico",4135,true
413542,"Venta de materiales de construcción, fontanería y calefacción",4135,true
413544,Venta de pinturas y lacas,4135,true
413546,Venta de productos de vidrios y marquetería,4135,true
413548,Venta de herramientas y artículos de ferretería,4135,true
413550,Venta de químicos,4135,true
413552,"Venta de productos intermedios, desperdicios y desechos",4135,true
413554,"Venta de maquinaria, equipo de oficina y programas de computador",4135,true
413556,Venta de artículos en cacharrerías y misceláneas,4135,true
413558,Venta de instrumentos musicales,4135,true
413560,Venta de artículos en casas de empeño y prenderías,4135,true
413562,Venta de equipo fotográfico,4135,true
413564,Venta de equipo óptico y de precisión,4135,true
413566,Venta de empaques,4135,true
413568,Venta de equipo profesional y científico,4135,true
413570,"Venta de loterías, rifas, chance, apuestas y similares",4135,true
413572,Reparación de efectos personales y electrodomésticos,4135,true
413595,Venta de otros productos,4135,true
413599,Ajustes por inflación,4135,true
414005,Hotelería,4140,true
414010,Campamento y otros tipos de hospedaje,4140,true
414015,Restaurantes,4140,true
414020,Bares y cantinas,4140,true
414095,Actividades conexas,4140,true
414099,Ajustes por inflación,4140,true
414505,Servicio de transporte por carretera,4145,true
414510,Servicio de transporte por vía férrea,4145,true
414515,Servicio de transporte por vía acuática,4145,true
414520,Servicio de transporte por vía aérea,4145,true
414525,Servicio de transporte por tuberías,4145,true
414530,Manipulación de carga,4145,true
414535,Almacenamiento y depósito,4145,true
414540,Servicios complementarios para el transporte,4145,true
414545,Agencias de viaje,4145,true
414550,Otras agencias de transporte,4145,true
414555,Servicio postal y de correo,4145,true
414560,Servicio telefónico,4145,true
414565,Servicio de telégrafo,4145,true
414570,Servicio de transmisión de datos,4145,true
414575,Servicio de radio y televisión por cable,4145,true
414580,Transmisión de sonido e imágenes por contrato,4145,true
414595,Actividades conexas,4145,true
414599,Ajustes por inflación,4145,true
415005,Venta de inversiones,4150,true
415010,Dividendos de sociedades anónimas y/o asimiladas,4150,true
415015,Participaciones de sociedades limitadas y/o asimiladas,4150,true
415020,Intereses,4150,true
415025,Reajuste monetario-UPAC (hoy UVR),4150,true
415030,Comisiones,4150,true
415035,Operaciones de descuento,4150,true
415040,Cuotas de inscripción-consorcios,4150,true
415045,Cuotas de administración-consorcios,4150,true
415050,Reajuste del sistema-consorcios,4150,true
415055,Eliminación de suscriptores-consorcios,4150,true
415060,Cuotas de ingreso o retiro-sociedad administradora,4150,true
415065,Servicios a comisionistas,4150,true
415070,Inscripciones y cuotas,4150,true
415075,Recuperación de garantías,4150,true
415080,Ingresos método de participación,4150,true
415095,Actividades conexas,4150,true
415099,Ajustes por inflación,4150,true
415505,Arrendamientos de bienes inmuebles,4155,true
415510,Inmobiliarias por retribución o contrata,4155,true
415515,Alquiler equipo de transporte,4155,true
415520,Alquiler maquinaria y equipo,4155,true
415525,Alquiler de efectos personales y enseres domésticos,4155,true
415530,Consultoría en equipo y programas de informática,4155,true
415535,Procesamiento de datos,4155,true
415540,Mantenimiento y reparación de maquinaria de oficina,4155,true
415545,Investigaciones científicas y de desarrollo,4155,true
415550,Actividades empresariales de consultoría,4155,true
415555,Publicidad,4155,true
415560,Dotación de personal,4155,true
415565,Investigación y seguridad,4155,true
415570,Limpieza de inmuebles,4155,true
415575,Fotografía,4155,true
415580,Envase y empaque,4155,true
415585,Fotocopiado,4155,true
415590,Mantenimiento y reparación de maquinaria y equipo,4155,true
415595,Actividades conexas,4155,true
415599,Ajustes por inflación,4155,true
416005,Actividades relacionadas con la educación,4160,true
416095,Actividades conexas,4160,true
416099,Ajustes por inflación,4160,true
416505,Servicio hospitalario,4165,true
416510,Servicio médico,4165,true
416515,Servicio odontológico,4165,true
416520,Servicio de laboratorio,4165,true
416525,Actividades veterinarias,4165,true
416530,Actividades de servicios sociales,4165,true
416595,Actividades conexas,4165,true
416599,Ajustes por inflación,4165,true
417005,Eliminación de desperdicios y aguas residuales,4170,true
417010,Actividades de asociación,4170,true
417015,Producción y distribución de filmes y videocintas,4170,true
417020,Exhibición de filmes y videocintas,4170,true
417025,Actividad de radio y televisión,4170,true
417030,"Actividad teatral, musical y artística",4170,true
417035,Grabación y producción de discos,4170,true
417040,Entretenimiento y esparcimiento,4170,true
417045,Agencias de noticias,4170,true
417050,Lavanderías y similares,4170,true
417055,Peluquerías y similares,4170,true
417060,Servicios funerarios,4170,true
417065,Zonas francas,4170,true
417095,Actividades conexas,4170,true
417099,Ajustes por inflación,4170,true
417599,Ajustes por inflación,4175,true
420505,Materia prima,4205,true
420510,Material de desecho,4205,true
420515,Materiales varios,4205,true
420520,Productos de diversificación,4205,true
420525,Excedentes de exportación,4205,true
420530,Envases y empaques,4205,true
420535,Productos agrícolas,4205,true
420540,De propaganda,4205,true
420545,Productos en remate,4205,true
420550,Combustibles y lubricantes,4205,true
420599,Ajustes por inflación,4205,true
421005,Intereses,4210,true
421010,Reajuste monetario-UPAC (hoy UVR),4210,true
421015,Descuentos amortizados,4210,true
421020,Diferencia en cambio,4210,true
421025,Financiación vehículos,4210,true
421030,Financiación sistemas de viajes,4210,true
421035,Aceptaciones bancarias,4210,true
421040,Descuentos comerciales condicionados,4210,true
421045,Descuentos bancarios,4210,true
421050,Comisiones cheques de otras plazas,4210,true
421055,Multas y recargos,4210,true
421060,Sanciones cheques devueltos,4210,true
421095,Otros,4210,true
421099,Ajustes por inflación,4210,true
421505,De sociedades anónimas y/o asimiladas,4215,true
421510,De sociedades limitadas y/o asimiladas,4215,true
421599,Ajustes por inflación,4215,true
421805,De sociedades anónimas y/o asimiladas,4218,true
421810,De sociedades limitadas y/o asimiladas,4218,true
422005,Terrenos,4220,true
422010,Construcciones y edificios,4220,true
422015,Maquinaria y equipo,4220,true
422020,Equipo de oficina,4220,true
422025,Equipo de computación y comunicación,4220,true
422030,Equipo médico-científico,4220,true
422035,Equipo de hoteles y restaurantes,4220,true
422040,Flota y equipo de transporte,4220,true
422045,Flota y equipo fluvial y/o marítimo,4220,true
422050,Flota y equipo aéreo,4220,true
422055,Flota y equipo férreo,4220,true
422060,"Acueductos, plantas y redes",4220,true
422062,Envases y empaques,4220,true
422065,Plantaciones agrícolas y forestales,4220,true
422070,Aeródromos,4220,true
422075,Semovientes,4220,true
422099,Ajustes por inflación,4220,true
422505,Sobre inversiones,4225,true
422510,De concesionarios,4225,true
422515,De actividades financieras,4225,true
422520,Por venta de servicios de taller,4225,true
422525,Por venta de seguros,4225,true
422530,Por ingresos para terceros,4225,true
422535,Por distribución de películas,4225,true
422540,Derechos de autor,4225,true
422545,Derechos de programación,4225,true
422599,Ajustes por inflación,4225,true
423005,Asesorías,4230,true
423010,Asistencia técnica,4230,true
423015,Administración de vinculadas,4230,true
423099,Ajustes por inflación,4230,true
423505,De báscula,4235,true
423510,De transporte,4235,true
423515,De prensa,4235,true
423520,Administrativos,4235,true
423525,Técnicos,4235,true
423530,De computación,4235,true
423535,De telefax,4235,true
423540,Taller de vehículos,4235,true
423545,De recepción de aeronaves,4235,true
423550,De transporte programa gas natural,4235,true
423555,Por contratos,4235,true
423560,De trilla,4235,true
423565,De mantenimiento,4235,true
423570,Al personal,4235,true
423575,De casino,4235,true
423580,Fletes,4235,true
423585,Entre compañías,4235,true
423595,Otros,4235,true
423599,Ajustes por inflación,4235,true
424005,Acciones,4240,true
424010,Cuotas o partes de interés social,4240,true
424015,Bonos,4240,true
424020,Cédulas,4240,true
424025,Certificados,4240,true
424030,Papeles comerciales,4240,true
424035,Títulos,4240,true
424045,Derechos fiduciarios,4240,true
424050,Obligatorias,4240,true
424095,Otras,4240,true
424099,Ajustes por inflación,4240,true
424504,Terrenos,4245,true
424506,Materiales industria petrolera,4245,true
424508,Construcciones en curso,4245,true
424512,Maquinaria en montaje,4245,true
424516,Construcciones y edificaciones,4245,true
424520,Maquinaria y equipo,4245,true
424524,Equipo de oficina,4245,true
424528,Equipo de computación y comunicación,4245,true
424532,Equipo médico-científico,4245,true
424536,Equipo de hoteles y restaurantes,4245,true
424540,Flota y equipo de transporte,4245,true
424544,Flota y equipo fluvial y/o marítimo,4245,true
424548,Flota y equipo aéreo,4245,true
424552,Flota y equipo férreo,4245,true
424556,"Acueductos, plantas y redes",4245,true
424560,Armamento de vigilancia,4245,true
424562,Envases y empaques,4245,true
424564,Plantaciones agrícolas y forestales,4245,true
424568,Vías de comunicación,4245,true
424572,Minas y Canteras,4245,true
424580,Pozos artesianos,4245,true
424584,Yacimientos,4245,true
424588,Semovientes,4245,true
424599,Ajustes por inflación,4245,true
424805,Intangibles,4248,true
424810,Otros activos,4248,true
424899,Ajustes por inflación,4248,true
425005,Deudas malas,4250,true
425010,Seguros,4250,true
425015,Reclamos,4250,true
425020,Reintegro por personal en comisión,4250,true
425025,Reintegro garantías,4250,true
425030,Descuentos concedidos,4250,true
425035,De provisiones,4250,true
425040,Gastos bancarios,4250,true
425045,De depreciación,4250,true
425050,Reintegro de otros costos y gastos,4250,true
425099,Ajustes por inflación,4250,true
425505,Por siniestro,4255,true
425510,Por suministros,4255,true
425515,Lucro cesante compañías de seguros,4255,true
425520,Daño emergente compañías de seguros,4255,true
425525,Por pérdida de mercancía,4255,true
425530,Por incumplimiento de contratos,4255,true
425535,De terceros,4255,true
425540,Por incapacidades ISS,4255,true
425595,Otras,4255,true
425599,Ajustes por inflación,4255,true
426099,Ajustes por inflación,4260,true
426599,Ajustes por inflación,4265,true
427599,Ajustes por inflación,4275,true
429503,CERT,4295,true
429505,Aprovechamientos,4295,true
429507,Auxilios,4295,true
429509,Subvenciones,4295,true
429511,Ingresos por investigación y desarrollo,4295,true
429513,Por trabajos ejecutados,4295,true
429515,Regalías,4295,true
429517,Derivados de las exportaciones,4295,true
429519,Otros ingresos de explotación,4295,true
429521,De la actividad ganadera,4295,true
429525,Derechos y licitaciones,4295,true
429530,Ingresos por elementos perdidos,4295,true
429533,Multas y recargos,4295,true
429535,Preavisos descontados,4295,true
429537,Reclamos,4295,true
429540,Recobro de daños,4295,true
429543,Premios,4295,true
429545,Bonificaciones,4295,true
429547,Productos descontados,4295,true
429549,Reconocimientos ISS,4295,true
429551,Excedentes,4295,true
429553,Sobrantes de caja,4295,true
429555,Sobrantes en liquidación fletes,4295,true
429557,Subsidios estatales,4295,true
429559,Capacitación distribuidores,4295,true
429561,De escrituración,4295,true
429563,Registro promesas de venta,4295,true
429567,"Útiles, papelería y fotocopias",4295,true
429571,"Resultados, matrículas y traspasos",4295,true
429573,Decoraciones,4295,true
429575,Manejo de carga,4295,true
429579,Historia clínica,4295,true
429581,Ajuste al peso,4295,true
429583,Llamadas telefónicas,4295,true
429595,Otros,4295,true
429599,Ajustes por inflación,4295,true
470505,Inversiones (CR),4705,true
470510,Inventarios (CR),4705,true
470515,"Propiedades, planta y equipo (CR)",4705,true
470520,Intangibles (CR),4705,true
470525,Activos diferidos,4705,true
470530,Otros activos (CR),4705,true
470535,Pasivos sujetos de ajuste,4705,true
470540,Patrimonio,4705,true
470545,Depreciación acumulada (DB),4705,true
470550,Depreciación diferida (CR),4705,true
470555,Agotamiento acumulado (DB),4705,true
470560,Amortización acumulada (DB),4705,true
470565,Ingresos operacionales (DB),4705,true
470568,Devoluciones en ventas (CR),4705,true
470570,Ingresos no operacionales (DB),4705,true
470575,Gastos operacionales de administración (CR),4705,true
470580,Gastos operacionales de ventas (CR),4705,true
470585,Gastos no operacionales (CR),4705,true
470590,Compras (CR),4705,true
470591,Devoluciones en compras (DB),4705,true
470592,Costo de ventas (CR),4705,true
470594,Costos de producción o de operación (CR),4705,true
510503,Salario integral,5105,true
510506,Sueldos,5105,true
510512,Jornales,5105,true
510515,Horas extras y recargos,5105,true
510518,Comisiones,5105,true
510521,Viáticos,5105,true
510524,Incapacidades,5105,true
510527,Auxilio de transporte,5105,true
510530,Cesantías,5105,true
510533,Intereses sobre cesantías,5105,true
510536,Prima de servicios,5105,true
510539,Vacaciones,5105,true
510542,Primas extralegales,5105,true
510545,Auxilios,5105,true
510548,Bonificaciones,5105,true
510551,Dotación y suministro a trabajadores,5105,true
510554,Seguros,5105,true
510557,Cuotas partes pensiones de jubilación,5105,true
510558,Amortización cálculo actuarial pensiones de jubilación,5105,true
510559,Pensiones de jubilación,5105,true
510560,Indemnizaciones laborales,5105,true
510561,Amortización bonos pensionales,5105,true
510562,Amortización títulos pensionales,5105,true
510563,Capacitación al personal,5105,true
510566,Gastos deportivos y de recreación,5105,true
510568,"Aportes a administradoras de riesgos profesionales, ARP",5105,true
510569,"Aportes a entidades promotoras de salud, EPS",5105,true
510570,Aportes a fondos de pensiones y/o cesantías,5105,true
510572,Aportes cajas de compensación familiar,5105,true
510575,Aportes ICBF,5105,true
510578,SENA,5105,true
510581,Aportes sindicales,5105,true
510584,Gastos médicos y drogas,5105,true
510595,Otros,5105,true
510599,Ajustes por inflación,5105,true
511005,Junta directiva,5110,true
511010,Revisoría fiscal,5110,true
511015,Auditoría externa,5110,true
511020,Avalúos,5110,true
511025,Asesoría jurídica,5110,true
511030,Asesoría financiera,5110,true
511035,Asesoría técnica,5110,true
511095,Otros,5110,true
511099,Ajustes por inflación,5110,true
511505,Industria y comercio,5115,true
511510,De timbres,5115,true
511515,A la propiedad raíz,5115,true
511520,Derechos sobre instrumentos públicos,5115,true
511525,De valorización,5115,true
511530,De turismo,5115,true
511535,Tasa por utilización de puertos,5115,true
511540,De vehículos,5115,true
511545,De espectáculos públicos,5115,true
511550,Cuotas de fomento,5115,true
511570,IVA descontable,5115,true
511595,Otros,5115,true
511599,Ajustes por inflación,5115,true
512005,Terrenos,5120,true
512010,Construcciones y edificaciones,5120,true
512015,Maquinaria y equipo,5120,true
512020,Equipo de oficina,5120,true
512025,Equipo de computación y comunicación,5120,true
512030,Equipo médico-científico,5120,true
512035,Equipo de hoteles y restaurantes,5120,true
512040,Flota y equipo de transporte,5120,true
512045,Flota y equipo fluvial y/o marítimo,5120,true
512050,Flota y equipo aéreo,5120,true
512055,Flota y equipo férreo,5120,true
512060,"Acueductos, plantas y redes",5120,true
512065,Aeródromos,5120,true
512070,Semovientes,5120,true
512095,Otros,5120,true
512099,Ajustes por inflación,5120,true
512505,Contribuciones,5125,true
512510,Afiliaciones y sostenimiento,5125,true
512599,Ajustes por inflación,5125,true
513005,Manejo,5130,true
513010,Cumplimiento,5130,true
513015,Corriente débil,5130,true
513020,Vida colectiva,5130,true
513025,Incendio,5130,true
513030,Terremoto,5130,true
513035,Sustracción y hurto,5130,true
513040,Flota y equipo de transporte,5130,true
513045,Flota y equipo fluvial y/o marítimo,5130,true
513050,Flota y equipo aéreo,5130,true
513055,Flota y equipo férreo,5130,true
513060,Responsabilidad civil y extracontractual,5130,true
513065,Vuelo,5130,true
513070,Rotura de maquinaria,5130,true
513075,Obligatorio accidente de tránsito,5130,true
513080,Lucro cesante,5130,true
513085,Transporte de mercancía,5130,true
513095,Otros,5130,true
513099,Ajustes por inflación,5130,true
513505,Aseo y vigilancia,5135,true
513510,Temporales,5135,true
513515,Asistencia técnica,5135,true
513520,Procesamiento electrónico de datos,5135,true
513525,Acueducto y alcantarillado,5135,true
513530,Energía eléctrica,5135,true
513535,Teléfono,5135,true
513540,"Correo, portes y telegramas",5135,true
513545,Fax y télex,5135,true
513550,"Transporte, fletes y acarreos",5135,true
513555,Gas,5135,true
513595,Otros,5135,true
513599,Ajustes por inflación,5135,true
514005,Notariales,5140,true
514010,Registro mercantil,5140,true
514015,Trámites y licencias,5140,true
514020,Aduaneros,5140,true
514025,Consulares,5140,true
514095,Otros,5140,true
514099,Ajustes por inflación,5140,true
514505,Terrenos,5145,true
514510,Construcciones y edificaciones,5145,true
514515,Maquinaria y equipo,5145,true
514520,Equipo de oficina,5145,true
514525,Equipo de computación y comunicación,5145,true
514530,Equipo médico-científico,5145,true
514535,Equipo de hoteles y restaurantes,5145,true
514540,Flota y equipo de transporte,5145,true
514545,Flota y equipo fluvial y/o marítimo,5145,true
514550,Flota y equipo aéreo,5145,true
514555,Flota y equipo férreo,5145,true
514560,"Acueductos, plantas y redes",5145,true
514565,Armamento de vigilancia,5145,true
514570,Vías de comunicación,5145,true
514599,Ajustes por inflación,5145,true
515005,Instalaciones eléctricas,5150,true
515010,Arreglos ornamentales,5150,true
515015,Reparaciones locativas,5150,true
515095,Otros,5150,true
515099,Ajustes por inflación,5150,true
515505,Alojamiento y manutención,5155,true
515510,Pasajes fluviales y/o marítimos,5155,true
515515,Pasajes aéreos,5155,true
515520,Pasajes terrestres,5155,true
515525,Pasajes férreos,5155,true
515595,Otros,5155,true
515599,Ajustes por inflación,5155,true
516005,Construcciones y edificaciones,5160,true
516010,Maquinaria y equipo,5160,true
516015,Equipo de oficina,5160,true
516020,Equipo de computación y comunicación,5160,true
516025,Equipo médico-científico,5160,true
516030,Equipo de hoteles y restaurantes,5160,true
516035,Flota y equipo de transporte,5160,true
516040,Flota y equipo fluvial y/o marítimo,5160,true
516045,Flota y equipo aéreo,5160,true
516050,Flota y equipo férreo,5160,true
516055,"Acueductos, plantas y redes",5160,true
516060,Armamento de vigilancia,5160,true
516099,Ajustes por inflación,5160,true
516505,Vías de comunicación,5165,true
516510,Intangibles,5165,true
516515,Cargos diferidos,5165,true
516595,Otras,5165,true
516599,Ajustes por inflación,5165,true
519505,Comisiones,5195,true
519510,"Libros, suscripciones, periódicos y revistas",5195,true
519515,Música ambiental,5195,true
519520,Gastos de representación y relaciones públicas,5195,true
519525,Elementos de aseo y cafetería,5195,true
519530,"Útiles, papelería y fotocopias",5195,true
519535,Combustibles y lubricantes,5195,true
519540,Envases y empaques,5195,true
519545,Taxis y buses,5195,true
519550,Estampillas,5195,true
519555,Microfilmación,5195,true
519560,Casino y restaurante,5195,true
519565,Parqueaderos,5195,true
519570,Indemnización por daños a terceros,5195,true
519575,Pólvora y similares,5195,true
519595,Otros,5195,true
519599,Ajustes por inflación,5195,true
519905,Inversiones,5199,true
519910,Deudores,5199,true
519915,"Propiedades, planta y equipo",5199,true
519995,Otros activos,5199,true
519999,Ajustes por inflación,5199,true
520503,Salario integral,5205,true
520506,Sueldos,5205,true
520512,Jornales,5205,true
520515,Horas extras y recargos,5205,true
520518,Comisiones,5205,true
520521,Viáticos,5205,true
520524,Incapacidades,5205,true
520527,Auxilio de transporte,5205,true
520530,Cesantías,5205,true
520533,Intereses sobre cesantías,5205,true
520536,Prima de servicios,5205,true
520539,Vacaciones,5205,true
520542,Primas extralegales,5205,true
520545,Auxilios,5205,true
520548,Bonificaciones,5205,true
520551,Dotación y suministro a trabajadores,5205,true
520554,Seguros,5205,true
520557,Cuotas partes pensiones de jubilación,5205,true
520558,Amortización cálculo actuarial pensiones de jubilación,5205,true
520559,Pensiones de jubilación,5205,true
520560,Indemnizaciones laborales,5205,true
520561,Amortización bonos pensionales,5205,true
520562,Amortización títulos pensionales,5205,true
520563,Capacitación al personal,5205,true
520566,Gastos deportivos y de recreación,5205,true
520568,"Aportes a administradoras de riesgos profesionales, ARP",5205,true
520569,"Aportes a entidades promotoras de salud, EPS",5205,true
520570,Aportes a fondos de pensiones y/o cesantías,5205,true
520572,Aportes cajas de compensación familiar,5205,true
520575,Aportes ICBF,5205,true
520578,SENA,5205,true
520581,Aportes sindicales,5205,true
520584,Gastos médicos y drogas,5205,true
520595,Otros,5205,true
520599,Ajustes por inflación,5205,true
521005,Junta directiva,5210,true
521010,Revisoría fiscal,5210,true
521015,Auditoría externa,5210,true
521020,Avalúos,5210,true
521025,Asesoría jurídica,5210,true
521030,Asesoría financiera,5210,true
521035,Asesoría técnica,5210,true
521095,Otros,5210,true
521099,Ajustes por inflación,5210,true
521505,Industria y comercio,5215,true
521510,De timbres,5215,true
521515,A la propiedad raíz,5215,true
521520,Derechos sobre instrumentos públicos,5215,true
521525,De valorización,5215,true
521530,De turismo,5215,true
521535,Tasa por utilización de puertos,5215,true
521540,De vehículos,5215,true
521545,De espectáculos públicos,5215,true
521550,Cuotas de fomento,5215,true
521555,Licores,5215,true
521560,Cervezas,5215,true
521565,Cigarrillos,5215,true
521570,IVA descontable,5215,true
521595,Otros,5215,true
521599,Ajustes por inflación,5215,true
522005,Terrenos,5220,true
522010,Construcciones y edificaciones,5220,true
522015,Maquinaria y equipo,5220,true
522020,Equipo de oficina,5220,true
522025,Equipo de computación y comunicación,5220,true
522030,Equipo médico-científico,5220,true
522035,Equipo de hoteles y restaurantes,5220,true
522040,Flota y equipo de transporte,5220,true
522045,Flota y equipo fluvial y/o marítimo,5220,true
522050,Flota y equipo aéreo,5220,true
522055,Flota y equipo férreo,5220,true
522060,"Acueductos, plantas y redes",5220,true
522065,Aeródromos,5220,true
522070,Semovientes,5220,true
522095,Otros,5220,true
522099,Ajustes por inflación,5220,true
522505,Contribuciones,5225,true
522510,Afiliaciones y sostenimiento,5225,true
522599,Ajustes por inflación,5225,true
523005,Manejo,5230,true
523010,Cumplimiento,5230,true
523015,Corriente débil,5230,true
523020,Vida colectiva,5230,true
523025,Incendio,5230,true
523030,Terremoto,5230,true
523035,Sustracción y hurto,5230,true
523040,Flota y equipo de transporte,5230,true
523045,Flota y equipo fluvial y/o marítimo,5230,true
523050,Flota y equipo aéreo,5230,true
523055,Flota y equipo férreo,5230,true
523060,Responsabilidad civil y extracontractual,5230,true
523065,Vuelo,5230,true
523070,Rotura de maquinaria,5230,true
523075,Obligatorio accidente de tránsito,5230,true
523080,Lucro cesante,5230,true
523095,Otros,5230,true
523099,Ajustes por inflación,5230,true
523505,Aseo y vigilancia,5235,true
523510,Temporales,5235,true
523515,Asistencia técnica,5235,true
523520,Procesamiento electrónico de datos,5235,true
523525,Acueducto y alcantarillado,5235,true
523530,Energía eléctrica,5235,true
523535,Teléfono,5235,true
523540,"Correo, portes y telegramas",5235,true
523545,Fax y télex,5235,true
523550,"Transporte, fletes y acarreos",5235,true
523555,Gas,5235,true
523560,"Publicidad, propaganda y promoción",5235,true
523595,Otros,5235,true
523599,Ajustes por inflación,5235,true
524005,Notariales,5240,true
524010,Registro mercantil,5240,true
524015,Trámites y licencias,5240,true
524020,Aduaneros,5240,true
524025,Consulares,5240,true
524095,Otros,5240,true
524099,Ajustes por inflación,5240,true
524505,Terrenos,5245,true
524510,Construcciones y edificaciones,5245,true
524515,Maquinaria y equipo,5245,true
524520,Equipo de oficina,5245,true
524525,Equipo de computación y comunicación,5245,true
524530,Equipo médico-científico,5245,true
524535,Equipo de hoteles y restaurantes,5245,true
524540,Flota y equipo de transporte,5245,true
524545,Flota y equipo fluvial y/o marítimo,5245,true
524550,Flota y equipo aéreo,5245,true
524555,Flota y equipo férreo,5245,true
524560,"Acueductos, plantas y redes",5245,true
524565,Armamento de vigilancia,5245,true
524570,Vías de comunicación,5245,true
524599,Ajustes por inflación,5245,true
525005,Instalaciones eléctricas,5250,true
525010,Arreglos ornamentales,5250,true
525015,Reparaciones locativas,5250,true
525095,Otros,5250,true
525099,Ajustes por inflación,5250,true
525505,Alojamiento y manutención,5255,true
525510,Pasajes fluviales y/o marítimos,5255,true
525515,Pasajes aéreos,5255,true
525520,Pasajes terrestres,5255,true
525525,Pasajes férreos,5255,true
525595,Otros,5255,true
525599,Ajustes por inflación,5255,true
526005,Construcciones y edificaciones,5260,true
526010,Maquinaria y equipo,5260,true
526015,Equipo de oficina,5260,true
526020,Equipo de computación y comunicación,5260,true
526025,Equipo médico-científico,5260,true
526030,Equipo de hoteles y restaurantes,5260,true
526035,Flota y equipo de transporte,5260,true
526040,Flota y equipo fluvial y/o marítimo,5260,true
526045,Flota y equipo aéreo,5260,true
526050,Flota y equipo férreo,5260,true
526055,"Acueductos, plantas y redes",5260,true
526060,Armamento de vigilancia,5260,true
526065,Envases y empaques,5260,true
526099,Ajustes por inflación,5260,true
526505,Vías de comunicación,5265,true
526510,Intangibles,5265,true
526515,Cargos diferidos,5265,true
526595,Otras,5265,true
526599,Ajustes por inflación,5265,true
527099,Ajustes por inflación,5270,true
527505,De sociedades anónimas y/o asimiladas,5275,true
527510,De sociedades limitadas y/o asimiladas,5275,true
529505,Comisiones,5295,true
529510,"Libros, suscripciones, periódicos y revistas",5295,true
529515,Música ambiental,5295,true
529520,Gastos de representación y relaciones públicas,5295,true
529525,Elementos de aseo y cafetería,5295,true
529530,"Útiles, papelería y fotocopias",5295,true
529535,Combustibles y lubricantes,5295,true
529540,Envases y empaques,5295,true
529545,Taxis y buses,5295,true
529550,Estampillas,5295,true
529555,Microfilmación,5295,true
529560,Casino y restaurante,5295,true
529565,Parqueaderos,5295,true
529570,Indemnización por daños a terceros,5295,true
529575,Pólvora y similares,5295,true
529595,Otros,5295,true
529599,Ajustes por inflación,5295,true
529905,Inversiones,5299,true
529910,Deudores,5299,true
529915,Inventarios,5299,true
529920,"Propiedades, planta y equipo",5299,true
529995,Otros activos,5299,true
529999,Ajustes por inflación,5299,true
530505,Gastos bancarios,5305,true
530510,Reajuste monetario-UPAC (hoy UVR),5305,true
530515,Comisiones,5305,true
530520,Intereses,5305,true
530525,Diferencia en cambio,5305,true
530530,Gastos en negociación certificados de cambio,5305,true
530535,Descuentos comerciales condicionados,5305,true
530540,Gastos manejo y emisión de bonos,5305,true
530545,Prima amortizada,5305,true
530595,Otros,5305,true
530599,Ajustes por inflación,5305,true
531005,Venta de inversiones,5310,true
531010,Venta de cartera,5310,true
531015,"Venta de propiedades, planta y equipo",5310,true
531020,Venta de intangibles,5310,true
531025,Venta de otros activos,5310,true
531030,"Retiro de propiedades, planta y equipo",5310,true
531035,Retiro de otros activos,5310,true
531040,Pérdidas por siniestros,5310,true
531095,Otros,5310,true
531099,Ajustes por inflación,5310,true
531305,De sociedades anónimas y/o asimiladas,5313,true
531310,De sociedades limitadas y/o asimiladas,5313,true
531505,Costas y procesos judiciales,5315,true
531510,Actividades culturales y cívicas,5315,true
531515,Costos y gastos de ejercicios anteriores,5315,true
531520,Impuestos asumidos,5315,true
531595,Otros,5315,true
531599,Ajustes por inflación,5315,true
539505,Demandas laborales,5395,true
539510,Demandas por incumplimiento de contratos,5395,true
539515,Indemnizaciones,5395,true
539520,"Multas, sanciones y litigios",5395,true
539525,Donaciones,5395,true
539530,Constitución de garantías,5395,true
539535,Amortización de bienes entregados en comodato,5395,true
539595,Otros,5395,true
539599,Ajustes por inflación,5395,true
540505,Impuesto de renta y complementarios,5405,true
590505,Ganancias y pérdidas,5905,true
610505,Cultivo de cereales,6105,true
610510,"Cultivos de hortalizas, legumbres y plantas ornamentales",6105,true
610515,"Cultivos de frutas, nueces y plantas aromáticas",6105,true
610520,Cultivo de café,6105,true
610525,Cultivo de flores,6105,true
610530,Cultivo de caña de azúcar,6105,true
610535,Cultivo de algodón y plantas para material textil,6105,true
610540,Cultivo de banano,6105,true
610545,Otros cultivos agrícolas,6105,true
610550,"Cría de ovejas, cabras, asnos, mulas y burdéganos",6105,true
610555,Cría de ganado caballar y vacuno,6105,true
610560,Producción avícola,6105,true
610565,Cría de otros animales,6105,true
610570,Servicios agrícolas y ganaderos,6105,true
610575,Actividad de caza,6105,true
610580,Actividad de silvicultura,6105,true
610595,Actividades conexas,6105,true
610599,Ajustes por inflación,6105,true
611005,Actividad de pesca,6110,true
611010,Explotación de criaderos de peces,6110,true
611095,Actividades conexas,6110,true
611099,Ajustes por inflación,6110,true
611505,Carbón,6115,true
611510,Petróleo crudo,6115,true
611512,Gas natural,6115,true
611514,Servicios relacionados con extracción de petróleo y gas,6115,true
611515,Minerales de hierro,6115,true
611520,Minerales metalíferos no ferrosos,6115,true
611525,"Piedra, arena y arcilla",6115,true
611527,Piedras preciosas,6115,true
611528,Oro,6115,true
611530,Otras minas y canteras,6115,true
611532,Prestación de servicios sector minero,6115,true
611595,Actividades conexas,6115,true
611599,Ajustes por inflación,6115,true
612001,Producción y procesamiento de carnes y productos cárnicos,6120,true
612002,Productos de pescado,6120,true
612003,"Productos de frutas, legumbres y hortalizas",6120,true
612004,Elaboración de aceites y grasas,6120,true
612005,Elaboración de productos lácteos,6120,true
612006,Elaboración de productos de molinería,6120,true
612007,Elaboración de almidones y derivados,6120,true
612008,Elaboración de alimentos para animales,6120,true
612009,Elaboración de productos para panadería,6120,true
612010,Elaboración de azúcar y melazas,6120,true
612011,"Elaboración de cacao, chocolate y confitería",6120,true
612012,Elaboración de pastas y productos farináceos,6120,true
612013,Elaboración de productos de café,6120,true
612014,Elaboración de otros productos alimenticios,6120,true
612015,Elaboración de bebidas alcohólicas y alcohol etílico,6120,true
612016,Elaboración de vinos,6120,true
612017,Elaboración de bebidas malteadas y de malta,6120,true
612018,Elaboración de bebidas no alcohólicas,6120,true
612019,Elaboración de productos de tabaco,6120,true
612020,Preparación e hilatura de fibras textiles y tejeduría,6120,true
612021,Acabado de productos textiles,6120,true
612022,Elaboración de artículos de materiales textiles,6120,true
612023,Elaboración de tapices y alfombras,6120,true
612024,"Elaboración de cuerdas, cordeles, bramantes y redes",6120,true
612025,Elaboración de otros productos textiles,6120,true
612026,Elaboración de tejidos,6120,true
612027,Elaboración de prendas de vestir,6120,true
612028,"Preparación, adobo y teñido de pieles",6120,true
612029,"Curtido, adobo o preparación de cuero",6120,true
612030,"Elaboración de maletas, bolsos y similares",6120,true
612031,Elaboración de calzado,6120,true
612032,"Producción de madera, artículos de madera y corcho",6120,true
612033,"Elaboración de pasta y productos de madera, papel y cartón",6120,true
612034,Ediciones y publicaciones,6120,true
612035,Impresión,6120,true
612036,Servicios relacionados con la edición y la impresión,6120,true
612037,Reproducción de grabaciones,6120,true
612038,Elaboración de productos de horno de coque,6120,true
612039,Elaboración de productos de la refinación de petróleo,6120,true
612040,Elaboración de sustancias químicas básicas,6120,true
612041,Elaboración de abonos y compuestos de nitrógeno,6120,true
612042,Elaboración de plástico y caucho sintético,6120,true
612043,Elaboración de productos químicos de uso agropecuario,6120,true
612044,"Elaboración de pinturas, tintas y masillas",6120,true
612045,Elaboración de productos farmacéuticos y botánicos,6120,true
612046,"Elaboración de jabones, detergentes y preparados de tocador",6120,true
612047,Elaboración de otros productos químicos,6120,true
612048,Elaboración de fibras,6120,true
612049,Elaboración de otros productos de caucho,6120,true
612050,Elaboración de productos de plástico,6120,true
612051,Elaboración de vidrio y productos de vidrio,6120,true
612052,"Elaboración de productos de cerámica, loza, piedra, arcilla y porcelana",6120,true
612053,"Elaboración de cemento, cal y yeso",6120,true
612054,"Elaboración de artículos de hormigón, cemento y yeso",6120,true
612055,"Corte, tallado y acabado de la piedra",6120,true
612056,Elaboración de otros productos minerales no metálicos,6120,true
612057,Industrias básicas y fundición de hierro y acero,6120,true
612058,Productos primarios de metales preciosos y de metales no ferrosos,6120,true
612059,Fundición de metales no ferrosos,6120,true
612060,Fabricación de productos metálicos para uso estructural,6120,true
612061,"Forja, prensado, estampado, laminado de metal y pulvimetalurgia",6120,true
612062,Revestimiento de metales y obras de ingeniería mecánica,6120,true
612063,Fabricación de artículos de ferretería,6120,true
612064,Elaboración de otros productos de metal,6120,true
612065,Fabricación de maquinaria y equipo,6120,true
612066,Fabricación de equipos de elevación y manipulación,6120,true
612067,Elaboración de aparatos de uso doméstico,6120,true
612068,Elaboración de equipo de oficina,6120,true
612069,Elaboración de pilas y baterías primarias,6120,true
612070,Elaboración de equipo de iluminación,6120,true
612071,Elaboración de otros tipos de equipo eléctrico,6120,true
612072,"Fabricación de equipos de radio, televisión y comunicaciones",6120,true
612073,Fabricación de aparatos e instrumentos médicos,6120,true
612074,Fabricación de instrumentos de medición y control,6120,true
612075,Fabricación de instrumentos de óptica y equipo fotográfico,6120,true
612076,Fabricación de relojes,6120,true
612077,Fabricación de vehículos automotores,6120,true
612078,Fabricación de carrocerías para automotores,6120,true
612079,"Fabricación de partes, piezas y accesorios para automotores",6120,true
612080,Fabricación y reparación de buques y otras embarcaciones,6120,true
612081,Fabricación de locomotoras y material rodante para ferrocarriles,6120,true
612082,Fabricación de aeronaves,6120,true
612083,Fabricación de motocicletas,6120,true
612084,Fabricación de bicicletas y sillas de ruedas,6120,true
612085,Fabricación de otros tipos de transporte,6120,true
612086,Fabricación de muebles,6120,true
612087,Fabricación de joyas y artículos conexos,6120,true
612088,Fabricación de instrumentos de música,6120,true
612089,Fabricación de artículos y equipo para deporte,6120,true
612090,Fabricación de juegos y juguetes,6120,true
612091,Reciclamiento de desperdicios,6120,true
612095,Productos de otras industrias manufactureras,6120,true
612099,Ajustes por inflación,6120,true
612505,"Generación, captación y distribución de energía eléctrica",6125,true
612510,Fabricación de gas y distribución de combustibles gaseosos,6125,true
612515,"Captación, depuración y distribución de agua",6125,true
612595,Actividades conexas,6125,true
612599,Ajustes por inflación,6125,true
613005,Preparación de terrenos,6130,true
613010,Construcción de edificios y obras de ingeniería civil,6130,true
613015,Acondicionamiento de edificios,6130,true
613020,Terminación de edificaciones,6130,true
613025,Alquiler de equipo con operario,6130,true
613095,Actividades conexas,6130,true
613099,Ajustes por inflación,6130,true
613502,Venta de vehículos automotores,6135,true
613504,"Mantenimiento, reparación y lavado de vehículos automotores",6135,true
613506,"Venta de partes, piezas y accesorios de vehículos automotores",6135,true
613508,"Venta de combustibles sólidos, líquidos, gaseosos",6135,true
613510,"Venta de lubricantes, aditivos, llantas y lujos para automotores",6135,true
613512,Venta a cambio de retribución o por contrata,6135,true
613514,"Venta de insumos, materias primas agropecuarias y flores",6135,true
613516,Venta de otros insumos y materias primas no agropecuarias,6135,true
613518,Venta de animales vivos y cueros,6135,true
613520,Venta de productos en almacenes no especializados,6135,true
613522,Venta de productos agropecuarios,6135,true
613524,"Venta de productos textiles, de vestir, de cuero y calzado",6135,true
613526,Venta de papel y cartón,6135,true
613528,"Venta de libros, revistas, elementos de papelería, útiles y textos escolares",6135,true
613530,"Venta de juegos, juguetes y artículos deportivos",6135,true
613532,Venta de instrumentos quirúrgicos y ortopédicos,6135,true
613534,Venta de artículos en relojerías y joyerías,6135,true
613536,Venta de electrodomésticos y muebles,6135,true
613538,"Venta de productos de aseo, farmacéuticos, medicinales y artículos de tocador",6135,true
613540,"Venta de cubiertos, vajillas, cristalería, porcelanas, cerámicas y otros artículos de uso doméstico",6135,true
613542,"Venta de materiales de construcción, fontanería y calefacción",6135,true
613544,Venta de pinturas y lacas,6135,true
613546,Venta de productos de vidrios y marquetería,6135,true
613548,Venta de herramientas y artículos de ferretería,6135,true
613550,Venta de químicos,6135,true
613552,"Venta de productos intermedios, desperdicios y desechos",6135,true
613554,"Venta de maquinaria, equipo de oficina y programas de computador",6135,true
613556,Venta de artículos en cacharrerías y misceláneas,6135,true
613558,Venta de instrumentos musicales,6135,true
613560,Venta de artículos en casas de empeño y prenderías,6135,true
613562,Venta de equipo fotográfico,6135,true
613564,Venta de equipo óptico y de precisión,6135,true
613566,Venta de empaques,6135,true
613568,Venta de equipo profesional y científico,6135,true
613570,"Venta de loterías, rifas, chance, apuestas y similares",6135,true
613572,Reparación de efectos personales y electrodomésticos,6135,true
613595,Venta de otros productos,6135,true
613599,Ajustes por inflación,6135,true
614005,Hotelería,6140,true
614010,Campamento y otros tipos de hospedaje,6140,true
614015,Restaurantes,6140,true
614020,Bares y cantinas,6140,true
614095,Actividades conexas,6140,true
614099,Ajustes por inflación,6140,true
614505,Servicio de transporte por carretera,6145,true
614510,Servicio de transporte por vía férrea,6145,true
614515,Servicio de transporte por vía acuática,6145,true
614520,Servicio de transporte por vía aérea,6145,true
614525,Servicio de transporte por tuberías,6145,true
614530,Manipulación de carga,6145,true
614535,Almacenamiento y depósito,6145,true
614540,Servicios complementarios para el transporte,6145,true
614545,Agencias de viaje,6145,true
614550,Otras agencias de transporte,6145,true
614555,Servicio postal y de correo,6145,true
614560,Servicio telefónico,6145,true
614565,Servicio de telégrafo,6145,true
614570,Servicio de transmisión de datos,6145,true
614575,Servicio de radio y televisión por cable,6145,true
614580,Transmisión de sonido e imágenes por contrato,6145,true
614595,Actividades conexas,6145,true
614599,Ajustes por inflación,6145,true
615005,De inversiones,6150,true
615010,De servicio de bolsa,6150,true
615099,Ajustes por inflación,6150,true
615505,Arrendamientos de bienes inmuebles,6155,true
615510,Inmobiliarias por retribución o contrata,6155,true
615515,Alquiler equipo de transporte,6155,true
615520,Alquiler maquinaria y equipo,6155,true
615525,Alquiler de efectos personales y enseres domésticos,6155,true
615530,Consultoría en equipo y programas de informática,6155,true
615535,Procesamiento de datos,6155,true
615540,Mantenimiento y reparación de maquinaria de oficina,6155,true
615545,Investigaciones científicas y de desarrollo,6155,true
615550,Actividades empresariales de consultoría,6155,true
615555,Publicidad,6155,true
615560,Dotación de personal,6155,true
615565,Investigación y seguridad,6155,true
615570,Limpieza de inmuebles,6155,true
615575,Fotografía,6155,true
615580,Envase y empaque,6155,true
615585,Fotocopiado,6155,true
615590,Mantenimiento y reparación de maquinaria y equipo,6155,true
615595,Actividades conexas,6155,true
615599,Ajustes por inflación,6155,true
616005,Actividades relacionadas con la educación,6160,true
616095,Actividades conexas,6160,true
616099,Ajustes por inflación,6160,true
616505,Servicio hospitalario,6165,true
616510,Servicio médico,6165,true
616515,Servicio odontológico,6165,true
616520,Servicio de laboratorio,6165,true
616525,Actividades veterinarias,6165,true
616530,Actividades de servicios sociales,6165,true
616595,Actividades conexas,6165,true
616599,Ajustes por inflación,6165,true
617005,Eliminación de desperdicios y aguas residuales,6170,true
617010,Actividades de asociación,6170,true
617015,Producción y distribución de filmes y videocintas,6170,true
617020,Exhibición de filmes y videocintas,6170,true
617025,Actividad de radio y televisión,6170,true
617030,"Actividad teatral, musical y artística",6170,true
617035,Grabación y producción de discos,6170,true
617040,Entretenimiento y esparcimiento,6170,true
617045,Agencias de noticias,6170,true
617050,Lavanderías y similares,6170,true
617055,Peluquerías y similares,6170,true
617060,Servicios funerarios,6170,true
617065,Zonas francas,6170,true
617095,Actividades conexas,6170,true
617099,Ajustes por inflación,6170,true
620599,Ajustes por inflación,6205,true
621099,Ajustes por inflación,6210,true
621599,Ajustes por inflación,6215,true
622099,Ajustes por inflación,6220,true
622599,Ajustes por inflación,6225,true
